Unnamed: 0,Point.Forecast,Lo.80,Hi.80,Lo.95,Hi.95,date
2022.9014,0.794059508451463,-28.8663255381649,30.4544445550679,-44.5675849402871,46.15570395719,2022-11-20
2022.9041,3.41997759251412,-27.3618513392477,34.2018065242759,-43.656767274079,50.4967224591072,2022-11-21
2022.9068,1.39850059715903,-29.5209140738191,32.3179152681372,-45.8886634994522,48.6856646937702,2022-11-22
2022.9096,0.256142686209231,-30.7199369034764,31.2322222758948,-47.1176829251154,47.6299682975339,2022-11-23
2022.9123,0.164639842866531,-30.8348205245092,31.1641002102422,-47.244943582217,47.5742232679501,2022-11-24
2022.9151,0.105824914465737,-30.9032900351175,31.114939864049,-47.3185239199242,47.5301737488557,2022-11-25
2022.9178,0.0680206706147019,-30.9450821757855,31.0811235170149,-47.3624271256473,47.4984684668767,2022-11-26
2022.9205,0.0437213831377279,-30.9710289063523,31.0584716726277,-47.389245959906,47.4766887261815,2022-11-27
2022.9233,0.0281026241905771,-30.9873282780605,31.0435335264417,-47.4059056262462,47.4621108746273,2022-11-28
2022.926,0.0180634149635429,-30.9976486769304,31.0337755068575,-47.4163748779215,47.4525017078486,2022-11-29
2022.9288,0.0116105513112376,-31.0042177128605,31.0274388154829,-47.4230054117406,47.446226514363,2022-11-30
2022.9315,0.0074628691209809,-31.0084133913023,31.0233391295443,-47.4272264978633,47.4421522361053,2022-12-01
2022.9342,0.0047968794955485,-31.0110992104757,31.0206929694668,-47.4299228141652,47.4395165731563,2022-12-02
2022.937,0.0030832716642617,-31.0128210108472,31.0189875541757,-47.4316489514056,47.4378154947341,2022-12-03
2022.9397,0.0019818225920541,-31.0139258446528,31.0178894898369,-47.4327555769809,47.436719222165,2022-12-04
2022.9425,0.001273848435706,-31.0146352172059,31.0171829140773,-47.4334656898004,47.4360133866719,2022-12-05
2022.9452,0.0008187866278529,-31.015090856759,31.0167284300147,-47.4339216351934,47.4355592084491,2022-12-06
2022.9479,0.0005262883111991,-31.0153835937701,31.0164361703925,-47.4342144985617,47.4352670751841,2022-12-07
2022.9507,0.0003382803004864,-31.015571700397,31.016248260998,-47.4344026573928,47.4350792179938,2022-12-08
2022.9534,0.0002174351192356,-31.0156925863214,31.0161274565598,-47.4345235648853,47.4349584351238,2022-12-09
2022.9562,0.0001397599298819,-31.0157702783437,31.0160497982034,-47.4346012658185,47.4348807856782,2022-12-10
2022.9589,8.9832949108616e-05,-31.0158202122789,31.0159998781772,-47.4346512034352,47.4348308693334,2022-12-11
2022.9616,5.77415769483709e-05,-31.0158523065243,31.0159677896782,-47.4346832992016,47.4347987823555,2022-12-12
2022.9644,3.71143298929504e-05,-31.0158729349585,31.0159471636183,-47.4347039282641,47.4347781569239,2022-12-13
2022.9671,2.38558341530063e-05,-31.0158861939447,31.015933905613,-47.43471718751,47.4347648991783,2022-12-14
2022.9699,1.53337221708228e-05,-31.0158947162593,31.0159253837036,-47.4347257099318,47.4347563773762,2022-12-15
2022.9726,9.85599724189328e-06,-31.0159001940679,31.0159199060624,-47.4347311877848,47.4347508997793,2022-12-16
2022.9753,6.33510119400406e-06,-31.0159037149985,31.0159163852009,-47.4347347087337,47.4347473789361,2022-12-17
2022.9781,3.00000407198847,-28.0159059781255,34.0159141221025,-44.4347369718683,50.4347451158452,2022-12-18
2022.9808,2.6173362665996e-06,-31.0159074327837,31.0159126674562,-47.4347384265295,47.4347436612021,2022-12-19
2022.9836,1.68233509960876e-06,-31.0159083677873,31.0159117324575,-47.4347393615344,47.4347427262046,2022-12-20
2022.9863,1.08134801968479e-06,-31.0159089687753,31.0159111314714,-47.434739962523,47.4347421252191,2022-12-21
2022.989,6.95053880421902e-07,-31.0159093550699,31.0159107451777,-47.4347403488178,47.4347417389256,2022-12-22
2022.9918,1.50000044675709,-29.5159096033669,32.515910496881,-45.9347405971149,48.9347414906291,2022-12-23
2022.9945,2.87160326161043e-07,-31.0159097629637,31.0159103372844,-47.4347407567117,47.4347413310324,2022-12-24
2022.9973,11.4000001845769,-19.6159098655471,42.415910234701,-36.0347408592952,58.834741228449,2022-12-25
2023.0,0.5000001186398,-30.5159099314843,31.5159101687639,-46.9347409252323,47.9347411625119,2022-12-26
2023.0027,3.00000007625765,-28.0159099738664,34.0159101263817,-44.4347409676145,50.4347411201298,2022-12-27
2023.0055,4.90158311929303e-08,-31.0159100011082,31.0159100991399,-47.4347409948563,47.434741092888,2022-12-28
2023.0082,3.15057160718175e-08,-31.0159100186184,31.0159100816298,-47.4347410123664,47.4347410753779,2022-12-29
2023.011,2.02508071584096e-08,-31.0159100298733,31.0159100703749,-47.4347410236213,47.434741064123,2022-12-30
2023.0137,1.30165330767028e-08,-31.0159100371075,31.0159100631406,-47.4347410308556,47.4347410568887,2022-12-31
2023.0164,8.3665865522981e-09,-31.0159100417575,31.0159100584907,-47.4347410355056,47.4347410522387,2023-01-01
2023.0192,5.377758407537161e-09,-31.0159100447463,31.0159100555018,-47.4347410384944,47.4347410492499,2023-01-02
2023.0219,3.4566409946251504e-09,-31.0159100466674,31.0159100535807,-47.4347410404155,47.4347410473288,2023-01-03
2023.0247,2.2218116671344503e-09,-31.0159100479023,31.0159100523459,-47.4347410416503,47.434741046094,2023-01-04
2023.0274,1.42810534854373e-09,-31.015910048696,31.0159100515522,-47.434741042444,47.4347410453003,2023-01-05
2023.0301,9.17937728284416e-10,-31.0159100492061,31.015910051042,-47.4347410429542,47.4347410447901,2023-01-06
2023.0329,5.90019280572951e-10,-31.0159100495341,31.0159100507141,-47.4347410432821,47.4347410444622,2023-01-07
2023.0356,3.79244409460837e-10,-31.0159100497448,31.0159100505033,-47.4347410434929,47.4347410442514,2023-01-08
2023.0384,2.43765461071415e-10,-31.0159100498803,31.0159100503678,-47.4347410436284,47.4347410441159,2023-01-09
2023.0411,1.56684178033874e-10,-31.0159100499674,31.0159100502808,-47.4347410437155,47.4347410440288,2023-01-10
2023.0438,1.00711284636893e-10,-31.0159100500234,31.0159100502248,-47.4347410437714,47.4347410439729,2023-01-11
2023.0466,6.473380237041489e-11,-31.0159100500593,31.0159100501888,-47.4347410438074,47.4347410439369,2023-01-12
2023.0493,4.1608723835291595e-11,-31.0159100500825,31.0159100501657,-47.4347410438305,47.4347410439138,2023-01-13
2023.0521,2.6744639078981598e-11,-31.0159100500973,31.0159100501508,-47.4347410438454,47.4347410438989,2023-01-14
2023.0548,1.7190555798558698e-11,-31.0159100501069,31.0159100501413,-47.434741043855,47.4347410438893,2023-01-15
2023.0575,1.1049507004114199e-11,-31.015910050113,31.0159100501351,-47.4347410438611,47.4347410438832,2023-01-16
2023.0603,7.10224885264507e-12,-31.015910050117,31.0159100501312,-47.434741043865,47.4347410438793,2023-01-17
2023.063,4.56555996797967e-12,-31.0159100501195,31.0159100501286,-47.4347410438676,47.4347410438767,2023-01-18
2023.0658,2.9349536022112297e-12,-31.0159100501211,31.015910050127,-47.4347410438692,47.4347410438751,2023-01-19
2023.0685,1.8889218033007897e-12,-31.0159100501222,31.015910050126,-47.4347410438703,47.434741043874,2023-01-20
2023.0712,1.21229412685635e-12,-31.0159100501229,31.0159100501253,-47.4347410438709,47.4347410438734,2023-01-21
2023.074,8.10000000000078,-22.9159100501233,39.1159100501249,-39.3347410438714,55.5347410438729,2023-01-22
2023.0767,5.009023394961809e-13,-31.0159100501236,31.0159100501246,-47.4347410438717,47.4347410438726,2023-01-23
2023.0795,3.21933965336397e-13,-31.0159100501238,31.0159100501244,-47.4347410438718,47.4347410438725,2023-01-24
2023.0822,2.06811767245213e-13,-31.0159100501239,31.0159100501243,-47.4347410438719,47.4347410438724,2023-01-25
2023.0849,1.33449102152526e-13,-31.0159100501239,31.0159100501242,-47.434741043872,47.4347410438723,2023-01-26
2023.0877,8.62062990295808e-14,-31.015910050124,31.0159100501242,-47.4347410438721,47.4347410438722,2023-01-27
2023.0904,5.46926189018705e-14,-31.015910050124,31.0159100501241,-47.4347410438721,47.4347410438722,2023-01-28
2023.0932,3.5316161592459e-14,-31.015910050124,31.0159100501241,-47.4347410438721,47.4347410438722,2023-01-29
2023.0959,2.2700750425560502e-14,-31.0159100501241,31.0159100501241,-47.4347410438721,47.4347410438722,2023-01-30
2023.0986,1.4591623300791602e-14,-31.0159100501241,31.0159100501241,-47.4347410438721,47.4347410438722,2023-01-31
2023.1014,9.379173518391611e-15,-31.0159100501241,31.0159100501241,-47.4347410438721,47.4347410438722,2023-02-01
2023.1041,6.028697359721041e-15,-31.0159100501241,31.0159100501241,-47.4347410438721,47.4347410438722,2023-02-02
2023.1068,3.8820171192176705e-15,-31.0159100501241,31.0159100501241,-47.4347410438721,47.4347410438722,2023-02-03
2023.1096,2.49077752861924e-15,-31.0159100501241,31.0159100501241,-47.4347410438722,47.4347410438722,2023-02-04
2023.1123,1.6009739295374e-15,-31.0159100501241,31.0159100501241,-47.4347410438722,47.4347410438722,2023-02-05
2023.1151,1.0289843359316901e-15,-31.0159100501241,31.0159100501241,-47.4347410438722,47.4347410438722,2023-02-06
2023.1178,6.61315297280655e-16,-31.0159100501241,31.0159100501241,-47.4347410438722,47.4347410438722,2023-02-07
2023.1205,4.24906229426479e-16,-31.0159100501241,31.0159100501241,-47.4347410438722,47.4347410438722,2023-02-08
2023.1233,2.72793554714081e-16,-31.0159100501241,31.0159100501241,-47.4347410438722,47.4347410438722,2023-02-09
2023.126,1.74721082500815e-16,-31.0159100501241,31.0159100501241,-47.4347410438722,47.4347410438722,2023-02-10
2023.1288,1.11106437985091e-16,-31.0159100501241,31.0159100501241,-47.4347410438722,47.4347410438722,2023-02-11
2023.1315,6.91433291504737e-17,-31.0159100501241,31.0159100501241,-47.4347410438722,47.4347410438722,2023-02-12
2023.1342,4.0016097557986504e-17,-31.0159100501241,31.0159100501241,-47.4347410438722,47.4347410438722,2023-02-13
2023.137,1.75141764156391e-17,-31.0159100501241,31.0159100501241,-47.4347410438722,47.4347410438722,2023-02-14
2023.1397,-6.687430895755459e-18,-31.0159100501241,31.0159100501241,-47.4347410438722,47.4347410438722,2023-02-15
2023.1425,-2.48719249462393e-17,-31.0159100501241,31.0159100501241,-47.4347410438722,47.4347410438722,2023-02-16
2023.1452,-1.46100901122835e-16,-31.0159100501241,31.0159100501241,-47.4347410438722,47.4347410438722,2023-02-17
2023.1479,3.0,-28.0159100501241,34.0159100501241,-44.4347410438722,50.4347410438722,2023-02-18
2023.1507,-9.76008841609287e-18,-31.0159100501241,31.0159100501241,-47.4347410438722,47.4347410438722,2023-02-19
2023.1534,1.2489205114945001e-18,-31.0159100501241,31.0159100501241,-47.4347410438722,47.4347410438722,2023-02-20
2023.1562,1.3966855008041702e-17,-31.0159100501241,31.0159100501241,-47.4347410438722,47.4347410438722,2023-02-21
2023.1589,3.42767779093483e-17,-31.0159100501241,31.0159100501241,-47.4347410438722,47.4347410438722,2023-02-22
2023.1616,1.89292948582723e-17,-31.0159100501241,31.0159100501241,-47.4347410438722,47.4347410438722,2023-02-23
2023.1644,-8.36447600758412e-18,-31.0159100501241,31.0159100501241,-47.4347410438722,47.4347410438722,2023-02-24
2023.1671,1.0537284220796e-18,-31.0159100501241,31.0159100501241,-47.4347410438722,47.4347410438722,2023-02-25
2023.1699,5.755000053892551e-19,-31.0159100501241,31.0159100501241,-47.4347410438722,47.4347410438722,2023-02-26
2023.1726,3.17447273557814e-19,-31.0159100501241,31.0159100501241,-47.4347410438722,47.4347410438722,2023-02-27
2023.1753,1.76721998840327e-19,-31.0159100501241,31.0159100501241,-47.4347410438722,47.4347410438722,2023-02-28
2023.1781,9.9406147511058e-20,-31.0159100501241,31.0159100501241,-47.4347410438722,47.4347410438722,2023-03-01
2023.1808,5.65237806357823e-20,-31.0159100501241,31.0159100501241,-47.4347410438722,47.4347410438722,2023-03-02
2023.1836,2.49342397284314e-19,-31.0159100501241,31.0159100501241,-47.4347410438722,47.4347410438722,2023-03-03
2023.1863,3.441615404358e-19,-31.0159100501241,31.0159100501241,-47.4347410438722,47.4347410438722,2023-03-04
2023.189,7.15845030219213e-19,-31.0159100501241,31.0159100501241,-47.4347410438722,47.4347410438722,2023-03-05
2023.1918,1.33475090814862e-18,-31.0159100501241,31.0159100501241,-47.4347410438722,47.4347410438722,2023-03-06
2023.1945,2.5518342116015e-18,-31.0159100501241,31.0159100501241,-47.4347410438722,47.4347410438722,2023-03-07
2023.1973,4.9151789303273e-18,-31.0159100501241,31.0159100501241,-47.4347410438722,47.4347410438722,2023-03-08
2023.2,9.349291608120689e-18,-31.0159100501241,31.0159100501241,-47.4347410438722,47.4347410438722,2023-03-09
2023.2027,1.8713493077737602e-17,-31.0159100501241,31.0159100501241,-47.4347410438722,47.4347410438722,2023-03-10
2023.2055,3.13609692765435e-17,-31.0159100501241,31.0159100501241,-47.4347410438722,47.4347410438722,2023-03-11
2023.2082,9.05480006146488e-17,-31.0159100501241,31.0159100501241,-47.4347410438722,47.4347410438722,2023-03-12
2023.211,5.93823273602277e-17,-31.0159100501241,31.0159100501241,-47.4347410438722,47.4347410438722,2023-03-13
2023.2137,2.7684583000838798e-18,-31.0159100501241,31.0159100501241,-47.4347410438722,47.4347410438722,2023-03-14
2023.2164,5.5509182020241305e-17,-31.0159100501241,31.0159100501241,-47.4347410438722,47.4347410438722,2023-03-15
2023.2192,1.11018214614358e-16,-31.0159100501241,31.0159100501241,-47.4347410438722,47.4347410438722,2023-03-16
2023.2219,1.62636794213115e-16,-31.0159100501241,31.0159100501241,-47.4347410438722,47.4347410438722,2023-03-17
2023.2247,5.4904041236798e-17,-31.0159100501241,31.0159100501241,-47.4347410438722,47.4347410438722,2023-03-18
2023.2274,2.22014427223503e-16,-31.0159100501241,31.0159100501241,-47.4347410438722,47.4347410438722,2023-03-19
2023.2301,3.33008224810431e-16,-31.0159100501241,31.0159100501241,-47.4347410438722,47.4347410438722,2023-03-20
2023.2329,9.836532923176279e-16,-31.0159100501241,31.0159100501241,-47.4347410438722,47.4347410438722,2023-03-21
2023.2356,-3.10585194840907e-16,-31.0159100501241,31.0159100501241,-47.4347410438722,47.4347410438722,2023-03-22
2023.2384,9.75801858204036e-18,-31.0159100501241,31.0159100501241,-47.4347410438722,47.4347410438722,2023-03-23
2023.2411,-8.09488603469915e-19,-31.0159100501241,31.0159100501241,-47.4347410438722,47.4347410438722,2023-03-24
2023.2438,-1.5581935511282e-18,-31.0159100501241,31.0159100501241,-47.4347410438722,47.4347410438722,2023-03-25
2023.2466,-2.99952077688457e-18,-31.0159100501241,31.0159100501241,-47.4347410438722,47.4347410438722,2023-03-26
2023.2493,-5.773773848779919e-18,-31.0159100501241,31.0159100501241,-47.4347410438722,47.4347410438722,2023-03-27
2023.2521,-1.11127518052948e-17,-31.0159100501241,31.0159100501241,-47.4347410438722,47.4347410438722,2023-03-28
2023.2548,-2.13951937866721e-17,-31.0159100501241,31.0159100501241,-47.4347410438722,47.4347410438722,2023-03-29
2023.2575,-4.11487805316984e-17,-31.0159100501241,31.0159100501241,-47.4347410438722,47.4347410438722,2023-03-30
2023.2603,-7.94186834294698e-17,-31.0159100501241,31.0159100501241,-47.4347410438722,47.4347410438722,2023-03-31
2023.263,-1.49740990982463e-16,-31.0159100501241,31.0159100501241,-47.4347410438722,47.4347410438722,2023-04-01
2023.2658,-2.97973752933404e-16,-31.0159100501241,31.0159100501241,-47.4347410438722,47.4347410438722,2023-04-02
2023.2685,-5.16474907803137e-16,-31.0159100501241,31.0159100501241,-47.4347410438722,47.4347410438722,2023-04-03
2023.2712,-1.3640559061684001e-15,-31.0159100501241,31.0159100501241,-47.4347410438722,47.4347410438722,2023-04-04
2023.274,18.8,-12.2159100501241,49.8159100501241,-28.6347410438722,66.2347410438721,2023-04-05
2023.2767,32.5,1.48408994987592,63.5159100501241,-14.9347410438722,79.9347410438722,2023-04-06
2023.2795,-6.34509250033345e-16,-31.0159100501241,31.0159100501241,-47.4347410438722,47.4347410438722,2023-04-07
2023.2822,-4.19079487246276e-18,-31.0159100501241,31.0159100501241,-47.4347410438722,47.4347410438722,2023-04-08
2023.2849,-5.12481076200748e-17,-31.0159100501241,31.0159100501241,-47.4347410438722,47.4347410438722,2023-04-09
2023.2877,-3.24493786536299e-17,-31.0159100501241,31.0159100501241,-47.4347410438722,47.4347410438722,2023-04-10
2023.2904,-1.53270838643463e-17,-31.0159100501241,31.0159100501241,-47.4347410438722,47.4347410438722,2023-04-11
2023.2932,-1.09620471192577e-17,-31.0159100501241,31.0159100501241,-47.4347410438722,47.4347410438722,2023-04-12
2023.2959,-1.26550352801242e-17,-31.0159100501241,31.0159100501241,-47.4347410438722,47.4347410438722,2023-04-13
2023.2986,-2.0313255459812e-17,-31.0159100501241,31.0159100501241,-47.4347410438722,47.4347410438722,2023-04-14
2023.3014,-4.06235829095377e-17,-31.0159100501241,31.0159100501241,-47.4347410438722,47.4347410438722,2023-04-15
2023.3041,-5.8130853354712e-17,-31.0159100501241,31.0159100501241,-47.4347410438722,47.4347410438722,2023-04-16
2023.3068,-2.37953690193715e-16,-31.0159100501241,31.0159100501241,-47.4347410438722,47.4347410438722,2023-04-17
2023.3096,4.6,-26.4159100501241,35.6159100501241,-42.8347410438721,52.0347410438722,2023-04-18
2023.3123,-7.289716369495399e-17,-31.0159100501241,31.0159100501241,-47.4347410438722,47.4347410438722,2023-04-19
2023.3151,3.6814237760991794e-18,-31.0159100501241,31.0159100501241,-47.4347410438722,47.4347410438722,2023-04-20
2023.3178,-1.3196782606927201e-17,-31.0159100501241,31.0159100501241,-47.4347410438722,47.4347410438722,2023-04-21
2023.3205,-7.542535166303109e-18,-31.0159100501241,31.0159100501241,-47.4347410438722,47.4347410438722,2023-04-22
2023.3233,-2.0165623538966102e-17,-31.0159100501241,31.0159100501241,-47.4347410438722,47.4347410438722,2023-04-23
2023.326,-3.5190319249803703e-17,-31.0159100501241,31.0159100501241,-47.4347410438722,47.4347410438722,2023-04-24
2023.3288,-6.88937752571767e-17,-31.0159100501241,31.0159100501241,-47.4347410438722,47.4347410438722,2023-04-25
2023.3315,-1.14414439606078e-16,-31.0159100501241,31.0159100501241,-47.4347410438722,47.4347410438722,2023-04-26
2023.3342,-3.3286384424124005e-16,-31.0159100501241,31.0159100501241,-47.4347410438722,47.4347410438722,2023-04-27
2023.337,4.1,-26.9159100501241,35.1159100501241,-43.3347410438721,51.5347410438722,2023-04-28
2023.3397,-5.63040153356148e-16,-31.0159100501241,31.0159100501241,-47.4347410438722,47.4347410438722,2023-04-29
2023.3425,-6.79849444475141e-16,-31.0159100501241,31.0159100501241,-47.4347410438722,47.4347410438722,2023-04-30
2023.3452,-2.8059941143779403e-15,-31.0159100501241,31.0159100501241,-47.4347410438722,47.4347410438722,2023-05-01
2023.3479,54.4,23.3840899498759,85.4159100501241,6.96525895612785,101.834741043872,2023-05-02
2023.3507,5.12377504783203e-18,-31.0159100501241,31.0159100501241,-47.4347410438722,47.4347410438722,2023-05-03
2023.3534,1.7416186009112e-17,-31.0159100501241,31.0159100501241,-47.4347410438722,47.4347410438722,2023-05-04
2023.3562,1.02944938640298e-17,-31.0159100501241,31.0159100501241,-47.4347410438722,47.4347410438722,2023-05-05
2023.3589,1.07984516782091e-16,-31.0159100501241,31.0159100501241,-47.4347410438722,47.4347410438722,2023-05-06
2023.3616,2.32173937097561e-16,-31.0159100501241,31.0159100501241,-47.4347410438722,47.4347410438722,2023-05-07
2023.3644,9.35389163697132e-16,-31.0159100501241,31.0159100501241,-47.4347410438722,47.4347410438722,2023-05-08
2023.3671,-2.91942539402112e-16,-31.0159100501241,31.0159100501241,-47.4347410438722,47.4347410438722,2023-05-09
2023.3699,6.6268364585325196e-18,-31.0159100501241,31.0159100501241,-47.4347410438722,47.4347410438722,2023-05-10
2023.3726,1.82077590927765e-18,-31.0159100501241,31.0159100501241,-47.4347410438722,47.4347410438722,2023-05-11
2023.3753,-2.15986386485233e-18,-31.0159100501241,31.0159100501241,-47.4347410438722,47.4347410438722,2023-05-12
2023.3781,-7.17429046406321e-18,-31.0159100501241,31.0159100501241,-47.4347410438722,47.4347410438722,2023-05-13
2023.3808,-2.87843852885981e-17,-31.0159100501241,31.0159100501241,-47.4347410438722,47.4347410438722,2023-05-14
2023.3836,-3.9721563625164404e-17,-31.0159100501241,31.0159100501241,-47.4347410438722,47.4347410438722,2023-05-15
2023.3863,-5.81595867825828e-17,-31.0159100501241,31.0159100501241,-47.4347410438722,47.4347410438722,2023-05-16
2023.389,-2.27901247266039e-16,-31.0159100501241,31.0159100501241,-47.4347410438722,47.4347410438722,2023-05-17
2023.3918,4.3,-26.7159100501241,35.3159100501241,-43.1347410438722,51.7347410438721,2023-05-18
2023.3945,-1.05997297028329e-16,-31.0159100501241,31.0159100501241,-47.4347410438722,47.4347410438722,2023-05-19
2023.3973,-4.2375805113497e-17,-31.0159100501241,31.0159100501241,-47.4347410438722,47.4347410438722,2023-05-20
2023.4,-8.598981867076199e-17,-31.0159100501241,31.0159100501241,-47.4347410438722,47.4347410438722,2023-05-21
2023.4027,-2.31754632588121e-16,-31.0159100501241,31.0159100501241,-47.4347410438722,47.4347410438722,2023-05-22
2023.4055,3.6,-27.4159100501241,34.6159100501241,-43.8347410438721,51.0347410438722,2023-05-23
2023.4082,3.0,-28.0159100501241,34.0159100501241,-44.4347410438722,50.4347410438722,2023-05-24
2023.411,-6.44925432314223e-17,-31.0159100501241,31.0159100501241,-47.4347410438722,47.4347410438722,2023-05-25
2023.4137,-1.12619617190719e-16,-31.0159100501241,31.0159100501241,-47.4347410438722,47.4347410438722,2023-05-26
2023.4164,-3.43408138114972e-16,-31.0159100501241,31.0159100501241,-47.4347410438722,47.4347410438722,2023-05-27
2023.4192,4.8,-26.2159100501241,35.8159100501241,-42.6347410438722,52.2347410438721,2023-05-28
2023.4219,3.6,-27.4159100501241,34.6159100501241,-43.8347410438721,51.0347410438722,2023-05-29
2023.4247,-4.47934307944607e-16,-31.0159100501241,31.0159100501241,-47.4347410438722,47.4347410438722,2023-05-30
2023.4274,4.3,-26.7159100501241,35.3159100501241,-43.1347410438722,51.7347410438721,2023-05-31
2023.4301,8.4,-22.6159100501241,39.4159100501241,-39.0347410438721,55.8347410438722,2023-06-01
2023.4329,4.6,-26.4159100501241,35.6159100501241,-42.8347410438721,52.0347410438722,2023-06-02
2023.4356,0.3,-30.7159100501241,31.3159100501241,-47.1347410438722,47.7347410438721,2023-06-03
2023.4384,-4.22431153234805e-18,-31.0159100501241,31.0159100501241,-47.4347410438722,47.4347410438722,2023-06-04
2023.4411,4.25601539278266e-17,-31.0159100501241,31.0159100501241,-47.4347410438722,47.4347410438722,2023-06-05
2023.4438,4.24738013333346e-17,-31.0159100501241,31.0159100501241,-47.4347410438722,47.4347410438722,2023-06-06
2023.4466,9.80316323404597e-17,-31.0159100501241,31.0159100501241,-47.4347410438722,47.4347410438722,2023-06-07
2023.4493,1.75814287616271e-16,-31.0159100501241,31.0159100501241,-47.4347410438722,47.4347410438722,2023-06-08
2023.4521,4.45034732997074e-16,-31.0159100501241,31.0159100501241,-47.4347410438722,47.4347410438722,2023-06-09
2023.4548,2.69891704706096e-16,-31.0159100501241,31.0159100501241,-47.4347410438722,47.4347410438722,2023-06-10
2023.4575,8.5779347443997e-16,-31.0159100501241,31.0159100501241,-47.4347410438722,47.4347410438722,2023-06-11
2023.4603,-2.76709150719269e-16,-31.0159100501241,31.0159100501241,-47.4347410438722,47.4347410438722,2023-06-12
2023.463,3.63002175989401e-16,-31.0159100501241,31.0159100501241,-47.4347410438722,47.4347410438722,2023-06-13
2023.4658,-7.22405644782155e-17,-31.0159100501241,31.0159100501241,-47.4347410438722,47.4347410438722,2023-06-14
2023.4685,-3.37397333899196e-17,-31.0159100501241,31.0159100501241,-47.4347410438722,47.4347410438722,2023-06-15
2023.4712,2.7543790276992502e-19,-31.0159100501241,31.0159100501241,-47.4347410438722,47.4347410438722,2023-06-16
2023.474,-2.56637534568285e-17,-31.0159100501241,31.0159100501241,-47.4347410438722,47.4347410438722,2023-06-17
2023.4767,-4.73689266135252e-17,-31.0159100501241,31.0159100501241,-47.4347410438722,47.4347410438722,2023-06-18
2023.4795,-9.7399366087269e-17,-31.0159100501241,31.0159100501241,-47.4347410438722,47.4347410438722,2023-06-19
2023.4822,-2.0182571107961001e-16,-31.0159100501241,31.0159100501241,-47.4347410438722,47.4347410438722,2023-06-20
2023.4849,-2.9408490322533097e-16,-31.0159100501241,31.0159100501241,-47.4347410438722,47.4347410438722,2023-06-21
2023.4877,-1.1531590064695001e-15,-31.0159100501241,31.0159100501241,-47.4347410438722,47.4347410438722,2023-06-22
2023.4904,21.6,-9.41591005012408,52.6159100501241,-25.8347410438721,69.0347410438721,2023-06-23
2023.4932,1.5,-29.5159100501241,32.5159100501241,-45.9347410438722,48.9347410438722,2023-06-24
2023.4959,-1.35532833967226e-16,-31.0159100501241,31.0159100501241,-47.4347410438722,47.4347410438722,2023-06-25
2023.4986,-2.26876581576964e-16,-31.0159100501241,31.0159100501241,-47.4347410438722,47.4347410438722,2023-06-26
2023.5014,-3.99138047252205e-16,-31.0159100501241,31.0159100501241,-47.4347410438722,47.4347410438722,2023-06-27
2023.5041,-1.9994289007800103e-15,-31.0159100501241,31.0159100501241,-47.4347410438722,47.4347410438722,2023-06-28
2023.5068,38.1,7.08408994987593,69.1159100501241,-9.33474104387214,85.5347410438722,2023-06-29
2023.5096,6.4,-24.6159100501241,37.4159100501241,-41.0347410438722,53.8347410438721,2023-06-30
2023.5123,-3.91781181745874e-16,-31.0159100501241,31.0159100501241,-47.4347410438722,47.4347410438722,2023-07-01
2023.5151,5.6,-25.4159100501241,36.6159100501241,-41.8347410438721,53.0347410438722,2023-07-02
2023.5178,2.0,-29.0159100501241,33.0159100501241,-45.4347410438722,49.4347410438722,2023-07-03
2023.5205,-3.1630094560848397e-16,-31.0159100501241,31.0159100501241,-47.4347410438722,47.4347410438722,2023-07-04
2023.5233,5.3,-25.7159100501241,36.3159100501241,-42.1347410438722,52.7347410438721,2023-07-05
2023.526,1.0,-30.0159100501241,32.0159100501241,-46.4347410438722,48.4347410438722,2023-07-06
2023.5288,4.6,-26.4159100501241,35.6159100501241,-42.8347410438721,52.0347410438722,2023-07-07
2023.5315,7.6,-23.4159100501241,38.6159100501241,-39.8347410438721,55.0347410438722,2023-07-08
2023.5342,6.4,-24.6159100501241,37.4159100501241,-41.0347410438722,53.8347410438721,2023-07-09
2023.537,-5.35509618315603e-16,-31.0159100501241,31.0159100501241,-47.4347410438722,47.4347410438722,2023-07-10
2023.5397,4.6,-26.4159100501241,35.6159100501241,-42.8347410438721,52.0347410438722,2023-07-11
2023.5425,19.1,-11.9159100501241,50.1159100501241,-28.3347410438721,66.5347410438721,2023-07-12
2023.5452,0.5,-30.5159100501241,31.5159100501241,-46.9347410438722,47.9347410438722,2023-07-13
2023.5479,0.800000000000001,-30.2159100501241,31.8159100501241,-46.6347410438721,48.2347410438722,2023-07-14
2023.5507,2.2859303715018e-16,-31.0159100501241,31.0159100501241,-47.4347410438722,47.4347410438722,2023-07-15
2023.5534,3.3,-27.7159100501241,34.3159100501241,-44.1347410438721,50.7347410438722,2023-07-16
2023.5562,57.9,26.8840899498759,88.9159100501241,10.4652589561278,105.334741043872,2023-07-17
2023.5589,14.5,-16.5159100501241,45.5159100501241,-32.9347410438722,61.9347410438722,2023-07-18
2023.5616,10.7,-20.3159100501241,41.7159100501241,-36.7347410438721,58.1347410438722,2023-07-19
2023.5644,5.179243582249121e-15,-31.0159100501241,31.0159100501241,-47.4347410438721,47.4347410438722,2023-07-20
2023.5671,4.30000000000001,-26.7159100501241,35.3159100501241,-43.1347410438721,51.7347410438722,2023-07-21
2023.5699,2.3,-28.7159100501241,33.3159100501241,-45.1347410438721,49.7347410438722,2023-07-22
2023.5726,-3.6839058581012105e-15,-31.0159100501241,31.0159100501241,-47.4347410438722,47.4347410438721,2023-07-23
2023.5753,7.63817739817066e-16,-31.0159100501241,31.0159100501241,-47.4347410438722,47.4347410438722,2023-07-24
2023.5781,3.03435198525696e-16,-31.0159100501241,31.0159100501241,-47.4347410438722,47.4347410438722,2023-07-25
2023.5808,-3.53658758780782e-16,-31.0159100501241,31.0159100501241,-47.4347410438722,47.4347410438722,2023-07-26
2023.5836,1.009255833809e-15,-31.0159100501241,31.0159100501241,-47.4347410438722,47.4347410438722,2023-07-27
2023.5863,4.1058813981275097e-16,-31.0159100501241,31.0159100501241,-47.4347410438722,47.4347410438722,2023-07-28
2023.589,-6.27658028791653e-16,-31.0159100501241,31.0159100501241,-47.4347410438722,47.4347410438722,2023-07-29
2023.5918,0.999999999999998,-30.0159100501241,32.0159100501241,-46.4347410438722,48.4347410438722,2023-07-30
2023.5945,39.9,8.88408994987592,70.9159100501241,-7.53474104387215,87.3347410438722,2023-07-31
2023.5973,-5.43484870176696e-16,-31.0159100501241,31.0159100501241,-47.4347410438722,47.4347410438722,2023-08-01
2023.6,15.5,-15.5159100501241,46.5159100501241,-31.9347410438722,62.9347410438722,2023-08-02
2023.6027,-1.19224326345886e-16,-31.0159100501241,31.0159100501241,-47.4347410438722,47.4347410438722,2023-08-03
2023.6055,3.3787303186473997e-17,-31.0159100501241,31.0159100501241,-47.4347410438722,47.4347410438722,2023-08-04
2023.6082,2.0599619769788003e-16,-31.0159100501241,31.0159100501241,-47.4347410438722,47.4347410438722,2023-08-05
2023.611,-2.3960559391637902e-17,-31.0159100501241,31.0159100501241,-47.4347410438722,47.4347410438722,2023-08-06
2023.6137,-8.2850658385584e-18,-31.0159100501241,31.0159100501241,-47.4347410438722,47.4347410438722,2023-08-07
2023.6164,3.72896891722406e-17,-31.0159100501241,31.0159100501241,-47.4347410438722,47.4347410438722,2023-08-08
2023.6192,6.94195440390869e-17,-31.0159100501241,31.0159100501241,-47.4347410438722,47.4347410438722,2023-08-09
2023.6219,2.50436787988265e-16,-31.0159100501241,31.0159100501241,-47.4347410438722,47.4347410438722,2023-08-10
2023.6247,3.4468171054894304e-17,-31.0159100501241,31.0159100501241,-47.4347410438722,47.4347410438722,2023-08-11
2023.6274,3.2717300806953297e-16,-31.0159100501241,31.0159100501241,-47.4347410438722,47.4347410438722,2023-08-12
2023.6301,2.95477359529322e-16,-31.0159100501241,31.0159100501241,-47.4347410438722,47.4347410438722,2023-08-13
2023.6329,1.1437226486162201e-15,-31.0159100501241,31.0159100501241,-47.4347410438722,47.4347410438722,2023-08-14
2023.6356,-1.30769230182511e-16,-31.0159100501241,31.0159100501241,-47.4347410438722,47.4347410438722,2023-08-15
2023.6384,-4.4685878449674997e-17,-31.0159100501241,31.0159100501241,-47.4347410438722,47.4347410438722,2023-08-16
2023.6411,1.64591891569696e-16,-31.0159100501241,31.0159100501241,-47.4347410438722,47.4347410438722,2023-08-17
2023.6438,3.51389133469703e-16,-31.0159100501241,31.0159100501241,-47.4347410438722,47.4347410438722,2023-08-18
2023.6466,-5.08508314089901e-16,-31.0159100501241,31.0159100501241,-47.4347410438722,47.4347410438722,2023-08-19
2023.6493,2.47635090196935e-18,-31.0159100501241,31.0159100501241,-47.4347410438722,47.4347410438722,2023-08-20
2023.6521,-6.36509884088586e-17,-31.0159100501241,31.0159100501241,-47.4347410438722,47.4347410438722,2023-08-21
2023.6548,-3.55763526940289e-17,-31.0159100501241,31.0159100501241,-47.4347410438722,47.4347410438722,2023-08-22
2023.6575,4.6,-26.4159100501241,35.6159100501241,-42.8347410438722,52.0347410438721,2023-08-23
2023.6603,23.9,-7.11591005012408,54.9159100501241,-23.5347410438722,71.3347410438722,2023-08-24
2023.663,1.0235107773647102e-15,-31.0159100501241,31.0159100501241,-47.4347410438722,47.4347410438722,2023-08-25
2023.6658,-7.77788225982945e-16,-31.0159100501241,31.0159100501241,-47.4347410438722,47.4347410438722,2023-08-26
2023.6685,8.9,-22.1159100501241,39.9159100501241,-38.5347410438721,56.3347410438722,2023-08-27
2023.6712,1.0,-30.0159100501241,32.0159100501241,-46.4347410438722,48.4347410438722,2023-08-28
2023.674,9.9,-21.1159100501241,40.9159100501241,-37.5347410438722,57.3347410438721,2023-08-29
2023.6767,26.4,-4.61591005012408,57.4159100501241,-21.0347410438722,73.8347410438722,2023-08-30
2023.6795,7.9,-23.1159100501241,38.9159100501241,-39.5347410438722,55.3347410438721,2023-08-31
2023.6822,1.0,-30.0159100501241,32.0159100501241,-46.4347410438722,48.4347410438722,2023-09-01
2023.6849,-3.39942275399684e-15,-31.0159100501241,31.0159100501241,-47.4347410438722,47.4347410438722,2023-09-02
2023.6877,13.2,-17.8159100501241,44.2159100501241,-34.2347410438722,60.6347410438721,2023-09-03
2023.6904,70.6,39.5840899498759,101.615910050124,23.1652589561278,118.034741043872,2023-09-04
2023.6932,0.999999999999998,-30.0159100501241,32.0159100501241,-46.4347410438722,48.4347410438722,2023-09-05
2023.6959,3.70997597716395e-16,-31.0159100501241,31.0159100501241,-47.4347410438722,47.4347410438722,2023-09-06
2023.6986,10.9,-20.1159100501241,41.9159100501241,-36.5347410438721,58.3347410438722,2023-09-07
2023.7014,-2.72493224662969e-16,-31.0159100501241,31.0159100501241,-47.4347410438722,47.4347410438722,2023-09-08
2023.7041,61.0,29.9840899498759,92.0159100501241,13.5652589561278,108.434741043872,2023-09-09
2023.7068,1.8,-29.2159100501241,32.8159100501241,-45.6347410438721,49.2347410438722,2023-09-10
2023.7096,8.4,-22.6159100501241,39.4159100501241,-39.0347410438722,55.8347410438721,2023-09-11
2023.7123,-2.88042192531944e-16,-31.0159100501241,31.0159100501241,-47.4347410438722,47.4347410438722,2023-09-12
2023.7151,3.32935758092856e-16,-31.0159100501241,31.0159100501241,-47.4347410438722,47.4347410438722,2023-09-13
2023.7178,0.8,-30.2159100501241,31.8159100501241,-46.6347410438722,48.2347410438721,2023-09-14
2023.7205,4.1,-26.9159100501241,35.1159100501241,-43.3347410438721,51.5347410438722,2023-09-15
2023.7233,1.7391020835030802e-15,-31.0159100501241,31.0159100501241,-47.4347410438722,47.4347410438722,2023-09-16
2023.726,23.9,-7.11591005012408,54.9159100501241,-23.5347410438721,71.3347410438722,2023-09-17
2023.7288,0.500000000000006,-30.5159100501241,31.5159100501241,-46.9347410438721,47.9347410438722,2023-09-18
2023.7315,8.4,-22.6159100501241,39.4159100501241,-39.0347410438721,55.8347410438722,2023-09-19
2023.7342,45.5,14.4840899498759,76.5159100501241,-1.93474104387215,92.9347410438722,2023-09-20
2023.737,1.5,-29.5159100501241,32.5159100501241,-45.9347410438722,48.9347410438722,2023-09-21
2023.7397,1.5,-29.5159100501241,32.5159100501241,-45.9347410438722,48.9347410438722,2023-09-22
2023.7425,15.5,-15.5159100501241,46.5159100501241,-31.9347410438722,62.9347410438722,2023-09-23
2023.7452,0.499999999999999,-30.5159100501241,31.5159100501241,-46.9347410438722,47.9347410438722,2023-09-24
2023.7479,2.0,-29.0159100501241,33.0159100501241,-45.4347410438722,49.4347410438722,2023-09-25
2023.7507,67.1,36.0840899498759,98.1159100501241,19.6652589561278,114.534741043872,2023-09-26
2023.7534,-2.07408432363081e-15,-31.0159100501241,31.0159100501241,-47.4347410438722,47.4347410438722,2023-09-27
2023.7562,37.6,6.58408994987592,68.6159100501241,-9.83474104387215,85.0347410438721,2023-09-28
2023.7589,13.0,-18.0159100501241,44.0159100501241,-34.4347410438722,60.4347410438722,2023-09-29
2023.7616,0.5,-30.5159100501241,31.5159100501241,-46.9347410438722,47.9347410438722,2023-09-30
2023.7644,3.64772141457038e-16,-31.0159100501241,31.0159100501241,-47.4347410438722,47.4347410438722,2023-10-01
2023.7671,3.61713676387398e-16,-31.0159100501241,31.0159100501241,-47.4347410438722,47.4347410438722,2023-10-02
2023.7699,5.55976354936311e-16,-31.0159100501241,31.0159100501241,-47.4347410438722,47.4347410438722,2023-10-03
2023.7726,4.3,-26.7159100501241,35.3159100501241,-43.1347410438722,51.7347410438721,2023-10-04
2023.7753,0.5,-30.5159100501241,31.5159100501241,-46.9347410438722,47.9347410438722,2023-10-05
2023.7781,7.1,-23.9159100501241,38.1159100501241,-40.3347410438721,54.5347410438722,2023-10-06
2023.7808,-1.40375397957797e-17,-31.0159100501241,31.0159100501241,-47.4347410438722,47.4347410438722,2023-10-07
2023.7836,3.5111855344617e-18,-31.0159100501241,31.0159100501241,-47.4347410438722,47.4347410438722,2023-10-08
2023.7863,0.5,-30.5159100501241,31.5159100501241,-46.9347410438722,47.9347410438722,2023-10-09
2023.789,2.0,-29.0159100501241,33.0159100501241,-45.4347410438722,49.4347410438722,2023-10-10
2023.7918,2.5398162002494003e-16,-31.0159100501241,31.0159100501241,-47.4347410438722,47.4347410438722,2023-10-11
2023.7945,1.8773106984944998e-17,-31.0159100501241,31.0159100501241,-47.4347410438722,47.4347410438722,2023-10-12
2023.7973,1.10994115900741e-16,-31.0159100501241,31.0159100501241,-47.4347410438722,47.4347410438722,2023-10-13
2023.8,5.62584830881438e-17,-31.0159100501241,31.0159100501241,-47.4347410438722,47.4347410438722,2023-10-14
2023.8027,1.17836233659998e-16,-31.0159100501241,31.0159100501241,-47.4347410438722,47.4347410438722,2023-10-15
2023.8055,-5.42347008957163e-16,-31.0159100501241,31.0159100501241,-47.4347410438722,47.4347410438722,2023-10-16
2023.8082,-4.69548732406927e-16,-31.0159100501241,31.0159100501241,-47.4347410438722,47.4347410438722,2023-10-17
2023.811,-2.3676178327678502e-15,-31.0159100501241,31.0159100501241,-47.4347410438722,47.4347410438722,2023-10-18
2023.8137,43.9,12.8840899498759,74.9159100501241,-3.53474104387215,91.3347410438722,2023-10-19
2023.8164,5.8,-25.2159100501241,36.8159100501241,-41.6347410438722,53.2347410438721,2023-10-20
2023.8192,-9.304730081197131e-17,-31.0159100501241,31.0159100501241,-47.4347410438722,47.4347410438722,2023-10-21
2023.8219,-1.0308617126539102e-15,-31.0159100501241,31.0159100501241,-47.4347410438722,47.4347410438722,2023-10-22
2023.8247,-1.8082594975485303e-15,-31.0159100501241,31.0159100501241,-47.4347410438722,47.4347410438722,2023-10-23
2023.8274,26.4,-4.61591005012408,57.4159100501241,-21.0347410438722,73.8347410438722,2023-10-24
2023.8301,-3.4314705336594303e-15,-31.0159100501241,31.0159100501241,-47.4347410438722,47.4347410438722,2023-10-25
2023.8329,69.1,38.0840899498759,100.115910050124,21.6652589561278,116.534741043872,2023-10-26
2023.8356,-1.1000546043842402e-15,-31.0159100501241,31.0159100501241,-47.4347410438722,47.4347410438722,2023-10-27
2023.8384,4.2884501553333e-17,-31.0159100501241,31.0159100501241,-47.4347410438722,47.4347410438722,2023-10-28
2023.8411,-1.80274412931711e-16,-31.0159100501241,31.0159100501241,-47.4347410438722,47.4347410438722,2023-10-29
2023.8438,-2.30647630643801e-16,-31.0159100501241,31.0159100501241,-47.4347410438722,47.4347410438722,2023-10-30
2023.8466,3.3,-27.7159100501241,34.3159100501241,-44.1347410438722,50.7347410438721,2023-10-31
2023.8493,1.3,-29.7159100501241,32.3159100501241,-46.1347410438722,48.7347410438721,2023-11-01
2023.8521,3.3,-27.7159100501241,34.3159100501241,-44.1347410438722,50.7347410438721,2023-11-02
2023.8548,1.70155846153277e-17,-31.0159100501241,31.0159100501241,-47.4347410438722,47.4347410438722,2023-11-03
2023.8575,-3.3298335937872497e-18,-31.0159100501241,31.0159100501241,-47.4347410438722,47.4347410438722,2023-11-04
2023.8603,-1.75306054918696e-17,-31.0159100501241,31.0159100501241,-47.4347410438722,47.4347410438722,2023-11-05
2023.863,-1.05369535154654e-17,-31.0159100501241,31.0159100501241,-47.4347410438722,47.4347410438722,2023-11-06
2023.8658,-4.56977946371843e-19,-31.0159100501241,31.0159100501241,-47.4347410438722,47.4347410438722,2023-11-07
2023.8685,-3.95243618409585e-18,-31.0159100501241,31.0159100501241,-47.4347410438722,47.4347410438722,2023-11-08
2023.8712,-4.0231130217266595e-18,-31.0159100501241,31.0159100501241,-47.4347410438722,47.4347410438722,2023-11-09
2023.874,-7.08439310916575e-18,-31.0159100501241,31.0159100501241,-47.4347410438722,47.4347410438722,2023-11-10
2023.8767,-1.3257824048774e-17,-31.0159100501241,31.0159100501241,-47.4347410438722,47.4347410438722,2023-11-11
2023.8795,-2.52445302587805e-17,-31.0159100501241,31.0159100501241,-47.4347410438722,47.4347410438722,2023-11-12
2023.8822,-4.8127564999669905e-17,-31.0159100501241,31.0159100501241,-47.4347410438722,47.4347410438722,2023-11-13
2023.8849,-9.52664069187687e-17,-31.0159100501241,31.0159100501241,-47.4347410438722,47.4347410438722,2023-11-14
2023.8877,-1.65997309268781e-16,-31.0159100501241,31.0159100501241,-47.4347410438722,47.4347410438722,2023-11-15
2023.8904,-4.32188391618956e-16,-31.0159100501241,31.0159100501241,-47.4347410438722,47.4347410438722,2023-11-16
2023.8932,6.1,-24.9159100501241,37.1159100501241,-41.3347410438721,53.5347410438722,2023-11-17
2023.8959,9.9,-21.1159100501241,40.9159100501241,-37.5347410438722,57.3347410438721,2023-11-18
2023.8986,1.5,-29.5159100501241,32.5159100501241,-45.9347410438722,48.9347410438722,2023-11-19
2023.9014,0.794059508451463,-42.1212654623667,43.7093844792697,-64.83926621098,66.4273852278829,2023-11-20
2023.9041,3.41997759251412,-40.277936186311,47.1178913713393,-63.4102144252671,70.2501696102954,2023-11-21
2023.9068,1.39850059715903,-42.3964406613161,45.1934418556342,-65.5800821453793,68.3770833396973,2023-11-22
2023.9096,0.256142686209231,-43.5788226152932,44.0911079877117,-66.7836515478978,67.2959369203163,2023-11-23
2023.9123,0.164639842866531,-43.6868506598049,44.016130345538,-66.9004275054868,67.2297071912198,2023-11-24
2023.9151,0.105824914465737,-43.7524911292888,43.9641409582203,-66.9696811981617,67.1813310270931,2023-11-25
2023.9178,0.0680206706147019,-43.7931150237422,43.9291563649716,-67.0117977254808,67.1478390667102,2023-11-26
2023.9205,0.0437213831377279,-43.8185791921491,43.9060219584246,-67.037878544603,67.1253213108784,2023-11-27
2023.9233,0.0281026241905771,-43.8346792106372,43.8908844590184,-67.054233326503,67.1104385748841,2023-11-28
2023.926,0.0180634149635429,-43.8449172498823,43.8810440798094,-67.0645766200017,67.1007034499288,2023-11-29
2023.9288,0.0116105513112376,-43.8514522595548,43.8746733621773,-67.0711551151505,67.094376217773,2023-11-30
2023.9315,0.0074628691209809,-43.8556338801884,43.8705596184304,-67.0753547017108,67.0902804399528,2023-12-01
2023.9342,0.0047968794955485,-43.8583138914163,43.8679076504074,-67.0780421355266,67.0876358945177,2023-12-02
2023.937,0.0030832716642617,-43.8600332922474,43.8661998355759,-67.0797646029866,67.0859311463151,2023-12-03
2023.9397,0.0019818225920541,-43.8611371346874,43.8651007798715,-67.080869712399,67.0848333575831,2023-12-04
2023.9425,0.001273848435706,-43.8618460976595,43.8643937945309,-67.0815791988186,67.08412689569,2023-12-05
2023.9452,0.0008187866278529,-43.8623015679949,43.8639391412506,-67.0820348854154,67.0836724586711,2023-12-06
2023.9479,0.0005262883111991,-43.8625942350941,43.8636468117165,-67.0823276418626,67.083380218485,2023-12-07
2023.9507,0.0003382803004864,-43.862782312837,43.8634588734379,-67.0825157565195,67.0831923171204,2023-12-08
2023.9534,0.0002174351192356,-43.8629031868279,43.8633380570664,-67.0826366457614,67.0830715159999,2023-12-09
2023.9562,0.0001397599298819,-43.86298087392,43.8632603937797,-67.0827143391543,67.0829938590141,2023-12-10
2023.9589,8.9832949108616e-05,-43.8630308058183,43.8632104717165,-67.0827642736559,67.0829439395541,2023-12-11
2023.9616,5.77415769483709e-05,-43.8630628992222,43.8631783823761,-67.0827963681352,67.0829118512892,2023-12-12
2023.9644,3.71143298929504e-05,-43.8630835273086,43.8631577559684,-67.082816996666,67.0828912253258,2023-12-13
2023.9671,2.38558341530063e-05,-43.8630967861512,43.8631444978195,-67.0828302556922,67.0828779673605,2023-12-14
2023.9699,1.53337221708228e-05,-43.8631053084064,43.8631359758508,-67.0828387780233,67.0828694454676,2023-12-15
2023.9726,9.85599724189328e-06,-43.8631107861905,43.863130498185,-67.0828442558387,67.0828639678332,2023-12-16
2023.9753,6.33510119400406e-06,-43.863114307111,43.8631269773134,-67.0828477767722,67.0828604469746,2023-12-17
2023.9781,3.00000407198847,-40.8631165702339,46.8631247142108,-64.0828500399003,70.0828581838773,2023-12-18
2023.9808,2.6173362665996e-06,-43.8631180248903,43.8631232595628,-67.0828514945589,67.0828567292315,2023-12-19
2023.9836,1.68233509960876e-06,-43.8631189598931,43.8631223245633,-67.0828524295627,67.0828557942329,2023-12-20
2023.9863,1.08134801968479e-06,-43.8631195608809,43.863121723577,-67.0828530305509,67.082855193247,2023-12-21
2023.989,6.95053880421902e-07,-43.8631199471754,43.8631213372831,-67.0828534168455,67.0828548069533,2023-12-22
2023.9918,1.50000044675709,-42.3631201954723,45.3631210889865,-65.5828536651425,68.5828545586567,2023-12-23
2023.9945,2.87160326161043e-07,-43.8631203550691,43.8631209293898,-67.0828538247393,67.08285439906,2023-12-24
2023.9973,11.4000001845769,-32.4631204576525,55.2631208268064,-55.6828539273227,78.4828542964766,2023-12-25
2024.0,0.5000001186398,-43.3631205235897,44.3631207608693,-66.5828539932599,67.5828542305395,2023-12-26
2024.0027,3.00000007625765,-40.8631205659718,46.8631207184871,-64.0828540356421,70.0828541881574,2023-12-27
2024.0055,4.90158311929303e-08,-43.8631205932136,43.8631206912453,-67.0828540628839,67.0828541609155,2023-12-28
2024.0082,3.15057160718175e-08,-43.8631206107237,43.8631206737352,-67.082854080394,67.0828541434054,2023-12-29
2024.011,2.02508071584096e-08,-43.8631206219787,43.8631206624803,-67.0828540916489,67.0828541321505,2023-12-30
